author,date,text,url,cleaned_text,toxicity,severe_toxicity,obscene,threat,insult,identity_attack,_id
,"enopdSrostmlfu11520603a5gs390muhc1i00ta76r7Â m7901uccÂ l,120:6",Ø¹Ù„Ø§Ø´ Ø§Ù„Ù†ÙŠØ§Ø¨Ø© Ø§Ù„Ø¹Ù…ÙˆÙ…ÙŠØ© Ù…Ø§ ØªØ¯Ø®Ù„Ø´ Ø¨Ø¹Ø¯ Ø§Ù„Ø§ØªÙ‡Ø§Ù…Ø§Øª Ø§Ù„Ø®Ø·ÙŠØ±Ø© Ø§Ù„ÙŠ ØµØ±Ø­Øª Ø¨ÙŠÙ‡Ø§ Ø±ÙŠÙ… Ø§Ù„Ø¨Ù†Ø§ ÙÙŠ Ø§Ù„Ø§Ø¹Ù„Ø§Ù… Ù…Ø¹ Ø§ØµØ±Ø§Ø±Ù‡Ø§ Ø¹Ù„Ù‰ ÙˆØ¬ÙˆØ¯ Ø§Ø«Ø¨Ø§ØªØ§Øª Ø¹Ù†Ø¯Ù‡Ø§ ÙÙŠÙ…Ø§ Ù„Ø§ ÙŠØ¯Ø¹Ùˆ Ù„Ù„Ø´Ùƒ ÙÙŠ ØµØ­Ø© Ø§Ù„Ø¬Ø±ÙŠÙ…Ø©.Ù‚Ø¨Ù„ Ø§Ù„Ù…ØªÙ‡Ù… Ù„â€¦ En voir plus,https://www.facebook.com/ESTunis?__cft__[0]=AZX1B6TC1Jvw2gVfDsw0ldNuiSbiby2h282b_edmqk13Z8GDbbuKhATUfNtvR_kVJISGoKoJNBj6auK8HV0AECMZgMrVXuru8Fkn-hDPuWKnUciA8urRciOe-Ziu_jylcD9-9uFFeS0e2FrLDZo13KpQsLEvxh8QuzxOiQmwqxapAH78tXsw-K_Kyc6RMpmcff6je08ajCAFP8EUrbCaIQ0k&__tn__=%3C%3C%2CP-R,Ø¹Ù„Ø§Ø´ Ø§Ù„Ù†ÙŠØ§Ø¨Ø© Ø§Ù„Ø¹Ù…ÙˆÙ…ÙŠØ© Ù…Ø§ ØªØ¯Ø®Ù„Ø´ Ø¨Ø¹Ø¯ Ø§Ù„Ø§ØªÙ‡Ø§Ù…Ø§Øª Ø§Ù„Ø®Ø·ÙŠØ±Ø© Ø§Ù„ÙŠ ØµØ±Ø­Øª Ø¨ÙŠÙ‡Ø§ Ø±ÙŠÙ… Ø§Ù„Ø¨Ù†Ø§ ÙÙŠ Ø§Ù„Ø§Ø¹Ù„Ø§Ù… Ù…Ø¹ Ø§ØµØ±Ø§Ø±Ù‡Ø§ Ø¹Ù„Ù‰ ÙˆØ¬ÙˆØ¯ Ø§Ø«Ø¨Ø§ØªØ§Øª Ø¹Ù†Ø¯Ù‡Ø§ ÙÙŠÙ…Ø§ Ù„Ø§ ÙŠØ¯Ø¹Ùˆ Ù„Ù„Ø´Ùƒ ÙÙŠ ØµØ­Ø© Ø§Ù„Ø¬Ø±ÙŠÙ…Ø©.Ù‚Ø¨Ù„ Ø§Ù„Ù…ØªÙ‡Ù… Ù„,0.0012809631880372763,0.00011887998698512092,0.00022914026340004057,0.00017731466505210847,0.00020155266975052655,0.00015726643323432654,680118c21641d8ff88128855
Compte vÃ©rifiÃ©,"Spnetosodr3f89:2054181tÂ 1arvhgcm6ui9iÂ 237a5tl1522a14icaluim,","LÃ©onie, 10 ans, doit dÃ©sormais faire sa dictÃ©e Ã  la maison. Le 21 mars, la famille apprend par un courrier que l'Ã©lÃ¨ve de cm2 est renvoyÃ©e de son Ã©tablissement privÃ© Ã  â€¦ En voir plus",https://www.facebook.com/stories/107160094959322/UzpfSVNDOjY2MDAyMjU4MzMwMDc1NA==/?view_single=false&__cft__[0]=AZVuumsvHBYxTLBxJAV06JUpO0PtkVLW__06xYVBvvhe77eoALpTCdGKWVISJYw4vC2JY3jMcNwbdzKdnPeg19mZ5-7xAGCyjUBhMQ6Yof3sjSZXDUjsnK_u6hC4WFL_9DbGRnVGOg1DsJRcH3sdL-BNR1gkom5qqSq4xax2RniTxBgkOpuJJFZscqD0ZFJ1ErFsmT32qRutAamCf-AqXSD5&__tn__=%3C%3C%2CP-R,"LÃ©onie, 10 ans, doit dÃ©sormais faire sa dictÃ©e Ã  la maison. Le 21 mars, la famille apprend par un courrier que l'Ã©lÃ¨ve de cm2 est renvoyÃ©e de son Ã©tablissement privÃ© Ã  ",0.006470156367868185,0.00011049563909182325,0.00047107625869102776,0.00013806438073515892,0.0004059296625200659,0.00024886755272746086,680118c21641d8ff88128856
Compte vÃ©rifiÃ©,drtnoeospSt53li496a0025ht9c9mi1vr1t75gÂ ij950in1h0ealcgca051m,"L'univers de Buffy contre les vampires a rÃ©cemment Ã©tÃ© Ã©claboussÃ© par des rÃ©vÃ©lations choquantes.  Des actrices, comme @charismacarpenter et @michelletrachtenberg (Dawâ€¦ En voir plus",https://www.facebook.com/stories/101585905346682/UzpfSVNDOjExNzE0MTcxMzgwNjU3OTM=/?view_single=false&__cft__[0]=AZU3qUgZxTHaHUJIQXpXJ3uS2m6aNX8QCr6xiMOo2tiTPIkWX3Aw_edNUyaqBPfYqJ7YgJqcBr6cYVEvWX61IcgnIV-7YmKTfUHDrTGIWxUVJmFsfkCSdufUSjRtuH2SuIrleC2CKXgbVijpLpGaMmmFMLXs8DsANFMgccS7lmFR64D5YFAXvXFefKPv5CbsBnse_jwdqZyWYGAhpOr9IpRs&__tn__=%3C%3C%2CP-R,"L'univers de Buffy contre les vampires a rÃ©cemment Ã©tÃ© Ã©claboussÃ© par des rÃ©vÃ©lations choquantes. Des actrices, comme @charismacarpenter et @michelletrachtenberg (Daw",0.0008817808702588081,0.0001087876153178513,0.00017702917102724314,0.00011904605344170704,0.00018994585843756795,0.0001515702751930803,680118c21641d8ff88128857
Compte vÃ©rifiÃ©,"drtnoeospSt53l:49,a0024ht9c9miaÂ 41t75gvir9500l1h09alcgci0Â 1m",Ma prochaine vidÃ©o sera en langue Kanembou.â€¦ En voir plus,https://www.facebook.com/profile.php?id=100053317065689&__cft__[0]=AZXPigGvrQwuk3F-K0vwID-YPI5KzAFhmeL0HEJO8vFcGjCUX3CXM93-BB6JvjGruE7zJQCK1YzhXxPIUUflRYnBwNcqP003UpzjGcSabEocxdAGYWEd6Mb9bgA7Gt7Z5dYMY-SAOK88-9_QapjeCbleaK8EGgYi87MvyOnTRCmRTXj76Vy6ILtYETWDHICDFDJ9YdqdX3nslgI_BxPJyiVc&__tn__=%3C%3C%2CP-R,Ma prochaine vidÃ©o sera en langue Kanembou.,0.001876086462289095,9.40389436436817e-05,0.00023201291332952678,9.934457193594426e-05,0.00020783850050065666,0.00016149066505022347,680118c21641d8ff88128858
Compte vÃ©rifiÃ©,drtnoeospSt53le496a0025ht9c9mi1vr1t75g9iÂ 950rÃ©1h0ialcgcf011m,"Amandine et Alexandre Pellissard font face Ã  la polÃ©mique. HarcelÃ©s depuis plusieurs mois par leur propriÃ©taire, les Pellissard veulent dÃ©mÃ©nager en urgence en Espagne.â€¦ En voir plus",https://www.facebook.com/stories/102865058548855/UzpfSVNDOjIzNTgyODA3MjQ1NTQzMTI=/?view_single=false&__cft__[0]=AZV0C1fyptP_-__7CvuSjA1RrPnL1Q4MZO2la8tXwRvOJxWrAsRByszY3sheUGjzYPAnUpUysE94H31Z-YGdbJhGdnBsfo-nMOKDg7iUEc5LYa0hGfLRTAxgewHwt5yuK5B8sL9LN44wQJO_cG-5bSytm4HjOTKQSC_6Hj7N2dsvgT7L4OnpIWwkLUMAA49gggPN0sKPje-75Ei6aUjhqU6T&__tn__=%3C%3C%2CP-R,"Amandine et Alexandre Pellissard font face Ã  la polÃ©mique. HarcelÃ©s depuis plusieurs mois par leur propriÃ©taire, les Pellissard veulent dÃ©mÃ©nager en urgence en Espagne.",0.012908115983009338,0.0001207991736009717,0.0005338276969268918,0.00018935056868940592,0.0006033743266016245,0.0003596526221372187,680118c21641d8ff88128859
,drtnoeospSt53l049ra0022htvc9miÂ e42t75gnio950Â b1h02alcgcme31m,#MERRI le #HarcÃ¨lement tÃ©lÃ©phonique ...,https://www.facebook.com/merricarotte?__cft__[0]=AZWRsagyzF5M9Qe9j2z42lgHMMNNih6UWFl5cpKUckRAALohNnYFVzg3Slkz_yjllh908Krlp_NwzSkSvV7Y5KvM0FkmJkycERVdnOnYuWiiKNgh2fK9Lf0lEgVh4ddvhj9S4XivUiPDjCXvG8YHy3-S6WQvU2z6deGrsHWc7EYWhSTBrQBVr8yrr2yleTrsjXgRcrzBxy8JkrgmR20RqaWJ&__tn__=%3C%3C%2CP-R,#MERRI le #HarcÃ¨lement tÃ©lÃ©phonique ...,0.001601677038706839,9.353676432510838e-05,0.00019866344518959522,0.00010126754204975441,0.00020144142035860568,0.00015481664740946144,680118c21641d8ff8812885a
,"drtnoeospSt53l:49,a0022ht9c9miÂ Â 65t75gmia9501s1h03alcgcr071m",Cumul indemnitÃ©s de non-concurrence et allocations chÃ´mage : câ€™est possible ! Vous Ãªtes Cadre ou cadre dirigeant et votre entreprise est en rÃ©organisation / restructuraâ€¦ En voir plus,https://www.facebook.com/cabinetavibitton?__cft__[0]=AZXfyt70Wgy6UM2MMi1KkaAvFicgt6--L5fyjDSPBZXicgmr8ruwNAg_3oOcYKGw0-OjrVKFlsB3dccAdIV3HYAufJN7Q9N2y_n3f15CWZ6-svJR04qmZCJWprdhC9slrdcXsJ3RWMim66t7DFyI7NmcQw7nk_scHk7WX4ZODr4D9V6IAY3N4NAK2R53Nf6LaZj8Wlr2HaHyu1xqM9ySKMxi&__tn__=%3C%3C%2CP-R,Cumul indemnitÃ©s de non-concurrence et allocations chÃ´mage : câ€™est possible ! Vous Ãªtes Cadre ou cadre dirigeant et votre entreprise est en rÃ©organisation / restructura,0.04917566105723381,0.0001709925854811445,0.0029570311307907104,0.00033211219124495983,0.0012072933604940772,0.0003656414046417922,680118c21641d8ff8812885b
Compte vÃ©rifiÃ©,"orpdtseoSnÂ 14vg5fu53,003lgt17mit2tc0h7533Â rh:4h43c1a4a153c0m", #HarcÃ¨lement 2.0 : RÃ©silience des Africaines connectÃ©es.,https://www.facebook.com/profile.php?id=100053317065689&__cft__[0]=AZVb1NeFp7UvHf_BjSFKRGqGRoy_mlZppyqHnicGkRrHERtdKbEpiWaJJX00ByRh3Xmy-ORLTzxKXpYsymVx06X9NW_bjFbaWzAVUy28njLAvsSHBhUHSY_cs24g0krUG74yIKDOjKrSQ-XSnwY8uebGyNNCc-x60wb5WtX39qfTeDIHV_OYGGdfdum_fNcUnDeWyWxZFmQrteo1wn0Vhfq2&__tn__=%3C%3C%2CP-R,#HarcÃ¨lement 2.0 : RÃ©silience des Africaines connectÃ©es.,0.0006897607236169279,0.00011776277824537829,0.00017740785551723093,0.00012082338071195409,0.00017560101696290076,0.00014893771731294692,680118c21641d8ff8812885c
Compte vÃ©rifiÃ©,"orpdtseoSn114ag5:u41l003igt17mrt2tc0h7533,vh74h13c1a4Â Â 53c2m","[ #ğ—¥ğ—²ğ—½ğ—¹ğ—®ğ˜† ğ—¬ğ—¼ğ—¹ğ—®ğ—»ğ—±ğ—² ğ—•ğ—¼ğ—±ğ—¶ğ—¼ğ—»ğ—´ : ğ—®Ì€ ğ—°ğ—®ğ˜‚ğ˜€ğ—² ğ—±ğ—² ğ—¹'ğ—¶ğ—»ğ—·ğ˜‚ğ˜€ğ˜ğ—¶ğ—°ğ—² ğ—²ğ˜ ğ—±ğ˜‚ ğ—µğ—®ğ—¿ğ—°ğ—²Ì€ğ—¹ğ—²ğ—ºğ—²ğ—»ğ˜, ğ—·'ğ—®ğ—¶ ğ—®ğ—¿ğ—¿ğ—²Ì‚ğ˜ğ—²Ì ğ—±ğ—² ğ—·ğ—¼ğ˜‚ğ—²ğ—¿ ğ—®ğ˜‚ ğ—µğ—®ğ—»ğ—±ğ—¯ğ—®ğ—¹ğ—¹ ] DÃ©claration de Yolande Bodiong/ PDG SUN TV - MARABO/ Promâ€¦ En voir plus",https://www.facebook.com/Canal2International?__cft__[0]=AZVfiubjU-qlsWCZl8Nsf50TZUca4tyx1psI6PW2i-D9KXohAL2kRCb4OR8DYURoFPNKFzHt1HW0DAk3Rjw55kv1sJUWmapL7sePluMyOc3cR9EVku0IKaLJc6OXEkkyOMWP0uSqdiuGP34qphd1mG2XMIzeaX6SLlt78QnJQ4ERw6mFwRQLSfx5NosN_poqjGm-ukdvR-NvJ3xDdpFhGSQT&__tn__=%3C%3C%2CP-R,"[ #ğ—¥ğ—²ğ—½ğ—¹ğ—®ğ˜† ğ—¬ğ—¼ğ—¹ğ—®ğ—»ğ—±ğ—² ğ—•ğ—¼ğ—±ğ—¶ğ—¼ğ—»ğ—´ : ğ—®Ì€ ğ—°ğ—®ğ˜‚ğ˜€ğ—² ğ—±ğ—² ğ—¹'ğ—¶ğ—»ğ—·ğ˜‚ğ˜€ğ˜ğ—¶ğ—°ğ—² ğ—²ğ˜ ğ—±ğ˜‚ ğ—µğ—®ğ—¿ğ—°ğ—²Ì€ğ—¹ğ—²ğ—ºğ—²ğ—»ğ˜, ğ—·'ğ—®ğ—¶ ğ—®ğ—¿ğ—¿ğ—²Ì‚ğ˜ğ—²Ì ğ—±ğ—² ğ—·ğ—¼ğ˜‚ğ—²ğ—¿ ğ—®ğ˜‚ ğ—µğ—®ğ—»ğ—±ğ—¯ğ—®ğ—¹ğ—¹ ] DÃ©claration de Yolande Bodiong/ PDG SUN TV - MARABO/ Prom",0.00241461000405252,9.356656664749607e-05,0.0002810840669553727,0.00011283137428108603,0.0002141340373782441,0.00014687863586004823,680118c21641d8ff8812885d
Compte vÃ©rifiÃ©,orpdtseoSn814fg5fus0m003ggt17m2t2tc0h7533aÂ h64ht3c1a4mr53ccm,Mon gentil boss serait il un pervers ?â€¦ En voir plus,https://www.facebook.com/stories/173737690781377/UzpfSVNDOjY5NjY2NTI4OTM2MTg2Nw==/?view_single=false&__cft__[0]=AZWLPfbgXDN7BglgevHRFcQdOW_otcAvjUNQpwEuF3L4Sb5zNgLf3uAZAudbhHDezPQnC4qr4E2JK9GAgk51s8RCfbq17c0BqHvMqX04yRbcqix-0RTkIApVeYM8FUixfqcDTBp2cPUQGNigiBiFls52fAS06Rw1cFHksD7B8q4UKrpUY7-HbdvRe2TduFVXzEv_nGsE1CGQYMOaMDc2FEIk&__tn__=%3C%3C%2CP-R,Mon gentil boss serait il un pervers ?,0.0578588992357254,0.00014625796757172793,0.0014413093449547887,0.0002953482617158443,0.0016436229925602674,0.0006223986856639385,680118c21641d8ff8812885e
Compte vÃ©rifiÃ©,odrSoesnpt512ff5tt2183Â 6r4g00uh1g6u97658i18am905a188u1mt6u5s,J28 : Laisse-moi te dire (live) Â« Les autres nâ€™ont sur toi que le pouvoir que tu leur donnes Â» #ryon #harcelement #acoustique #introspection #harcelementscolaire #harcelementmoral,https://www.facebook.com/ryonmusic?__cft__[0]=AZW4G2CqL-0-VlhtKUFnKmmBXaBOoXfkEXARC0FOBVi39HaACZHaeP7RvPT4-9Pz0fa4tEkM31GAbutAXFfRj9Mm97sYYn-aWsAPNlrjOObgmHCTdRByTP_4lGjbtCc4vOv0lnmmflZwtjMYcDPCHwJiujAtUQDX6m88OUV2aFPTyerX3vEyC8XkLA_L06pt9FfPPrgO3nWpXBQZpSGNzwmz&__tn__=%3C%3C%2CP-R,J28 : Laisse-moi te dire (live) Â« Les autres nâ€™ont sur toi que le pouvoir que tu leur donnes Â» #ryon #harcelement #acoustique #introspection #harcelementscolaire #harcelementmoral,0.006939991842955351,9.389395563630387e-05,0.0004387436783872545,0.00015018541307654232,0.000383914215490222,0.00020754225261043757,680118c31641d8ff8812885f
Compte vÃ©rifiÃ©,odrSoesnpt512ff5tt2183Â 6r4g00uh1g6u97258im8am905a188u1mt6u5s," L'univers de Buffy contre les vampires a Ã©tÃ© Ã©claboussÃ© par des rÃ©vÃ©lations choquantes. Des actrices, comme Charisma Carpenter et la regrettÃ©e Michelle Trachtenberg, â€¦ En voir plus",https://www.facebook.com/stories/101585905346682/UzpfSVNDOjExNzE0MTcxMzgwNjU3OTM=/?view_single=false&__cft__[0]=AZUHurO9_auuEC4lNXqOa02UFDn0C5DKYkO6mjqNAXQ0cKA-a7ooDqnjWtzi72o098Ryu9JoalnWdZAI7RzVtbpDbdyWUylrcGMmprBMr1Z0VcWIZQETZeocELSYoTsXc23IVbGt1tGKl3w8xrxZDXykGVZqX9p8-nl7ehssLEJjesmESD9a2DklCeBwe0Nsvqmg7b--XlKehPSglPnLn7Va&__tn__=%3C%3C%2CP-R,"L'univers de Buffy contre les vampires a Ã©tÃ© Ã©claboussÃ© par des rÃ©vÃ©lations choquantes. Des actrices, comme Charisma Carpenter et la regrettÃ©e Michelle Trachtenberg, ",0.001219744561240077,0.00010560968075878918,0.0001768130750861019,0.00012500521552283317,0.00021176075097173452,0.00016744121967349201,680118c31641d8ff88128860
,"otsodnpreS71v0hii7g,Â 0ll413m214Â 894u60259a1fah9rua6:7la338lh","Il faut en parler câ€™est quand mÃªme relou, toujours la mÃªme rengaine. AprÃ¨s on sâ€™Ã©tonne des trauma, des violences dans le cadre privÃ©, des violences dans le cadre professionnel (le harcÃ¨lement est une violence). Ces hommes devraient Ãªtre honteux, pour la plupart pÃ¨re de famille et Ã  un Ã¢ge bien avancÃ© par rapport au mien et Ã  lâ€™Ã¢ge de mes copines qui ont toutes eues un jour Ã  subir ces cochonneries. #harcelement #prendrelaparole #violencesfaitesauxfemmes #metoo #girlboss",https://www.facebook.com/mamiecobra?__cft__[0]=AZUPGRUBm-_nn1BuMeGKOIkh8qazR8tEv2VKLw9rJbt-n0P2I951RmLuu45ypEIuHmvpYSFvWE5HHRUt8BIHNiru19t1Msu0HV30e-DEUO2OC9rA_mlaGpr_3xxTcmL8dFtdNFfELvrk-JzF8-vmK1Xs6DgIjgcHZDJSAiVuLrWNig&__tn__=%3C%3C%2CP-R,"Il faut en parler câ€™est quand mÃªme relou, toujours la mÃªme rengaine. AprÃ¨s on sâ€™Ã©tonne des trauma, des violences dans le cadre privÃ©, des violences dans le cadre professionnel (le harcÃ¨lement est une violence). Ces hommes devraient Ãªtre honteux, pour la plupart pÃ¨re de famille et Ã  un Ã¢ge bien avancÃ© par rapport au mien et Ã  lâ€™Ã¢ge de mes copines qui ont toutes eues un jour Ã  subir ces cochonneries. #harcelement #prendrelaparole #violencesfaitesauxfemmes #metoo #girlboss",0.14259546995162964,0.0005689258105121553,0.020361565053462982,0.0008302344940602779,0.006777347531169653,0.002110859612002969,680118c31641d8ff88128861
Compte vÃ©rifiÃ©,otsodnpreS716rhiÂ 7ga10lj413m214n894u60v53agfah96ua6i7lf3e8lh,"Pour lutter contre les dÃ©marchages tÃ©lÃ©phoniques, un jeune boucher a trouvÃ© la solution. Ryan a lancÃ© une application mobile qui bloque les appels commerciaux. En quelqâ€¦ En voir plus",https://www.facebook.com/stories/108364804653912/UzpfSVNDOjU0NzAzNjA2ODQ0OTMwNQ==/?view_single=false&__cft__[0]=AZVM9iXeI-i64be0qDsQaOafItDmCkPCd10N5QjQRgiwGbWEhxQojeKl5tIMcvwAqAI0D_oOUB8d5Il1kee9wMKDn8VY7EmCoB6yvF-S5NPHb-ElSA4r68esCoj9cDWvet7xmGyJ6WLQam_T07CwXv_ebpag2uFi-QAOm8_ch_j-YNij1khXkqYJcHbR2VrCyB0c2oKoV-Hwv93FWZEwngdP&__tn__=%3C%3C%2CP-R,"Pour lutter contre les dÃ©marchages tÃ©lÃ©phoniques, un jeune boucher a trouvÃ© la solution. Ryan a lancÃ© une application mobile qui bloque les appels commerciaux. En quelq",0.0029370314441621304,9.144419163931161e-05,0.00026410361169837415,0.00011635800183285028,0.00024312062305398285,0.00017824512906372547,680118c31641d8ff88128862
Compte vÃ©rifiÃ©,"rSepoodtnslh6i129ala0316,01grÂ lla517ta4vÂ u63c5a3fgc9h:gf30ia","AprÃ¨s avoir Ã©tÃ© harcelÃ©e pendant des annÃ©es par 2 ex petits amis, Marina Ferbus s'est donnÃ© la mort. Elle avait 21 ans. L'affaire doit Ãªtre rÃ©examinÃ©e fin mai. Une soixâ€¦ En voir plus",https://www.facebook.com/stories/107160094959322/UzpfSVNDOjY2MDAyMjU4MzMwMDc1NA==/?view_single=false&__cft__[0]=AZUK2FjBZWujnb0qYpkrSSqxAVQMURErzMVY2dVrUkipADafJz_nUOssT86a13UJILNPAq4NV_kwL9aCrN1rv7k-hSoVhsg4PSpFIpdI0G60NxQNQ_p_OraGc43eZjXWIPr90XgNpfVwTtDcsHSG831r3qcn6Niekh6Qm8dCJe55jss65T4SxyvnmIBASVDRXnCQ_ymrrQ2SXgrPWuNv2TAo&__tn__=%3C%3C%2CP-R,"AprÃ¨s avoir Ã©tÃ© harcelÃ©e pendant des annÃ©es par 2 ex petits amis, Marina Ferbus s'est donnÃ© la mort. Elle avait 21 ans. L'affaire doit Ãªtre rÃ©examinÃ©e fin mai. Une soix",0.007222540210932493,0.00010295278480043635,0.0004430954868439585,0.00014682626351714134,0.0004076656186953187,0.0002392320748185739,680118c31641d8ff88128863
,"nSedpsotro5f3iÂ g3Â 72f7uf9lih85c6550a0htv:6rlai7f21,3g95705au",Vous Ãªtes Cadre ou cadre dirigeant et votre entreprise est en rÃ©organisation / restructuration ? Vous Ãªtes en souffrance au travail ou en burn out ? Vous faites lâ€™objetâ€¦ En voir plus,https://www.facebook.com/cabinetavibitton?__cft__[0]=AZWCstOxmCFWGzuXSiHK_3sJpL10iyG0egmwCrMVqTAvuWsqwpMTnAicl3ZEfmkmQpxVjD72MghraErU4_7vSKvZkAXz7b8Si32G7M0S-RfatHKYBiPB7Q2sgtFqH3rtuWuJmVINO7uTJvBNcxXJoTUXOp1STfzaRuGRLd2_P310n1Ci0xKUPdpARJ0JCCZb8yeHp8kghWfxnxntvWRB4LAb&__tn__=%3C%3C%2CP-R,Vous Ãªtes Cadre ou cadre dirigeant et votre entreprise est en rÃ©organisation / restructuration ? Vous Ãªtes en souffrance au travail ou en burn out ? Vous faites lâ€™objet,0.1268269121646881,0.0003280630917288363,0.0023309828247874975,0.0020885923877358437,0.0018360733520239592,0.001183532876893878,680118c31641d8ff88128864
,"nSedpsotro5Â 3i4g1Â 72f7uf9lih85c4550a0htv:6rlai7f11,3g95784au","Je parle aujourdâ€™hui car le phÃ©nomÃ¨ne des violences dans les milieux militants est frÃ©quent Lâ€™une des techniques utilisÃ©es  par ces agresseureuses est de crÃ©er la division entre les militantâ€¢es, de jeter le doute, de dire dâ€™une personne Â« celle-lÃ  je ne la sens pas Â» et/ou dâ€™utiliser son moindre faux-pas pour la discrÃ©diter sous couvert de puretÃ© militante Lorsquâ€™iels sont dÃ©couvertes, iels rebondissent dans un autre milieu et recommencent la mÃªme stratÃ©gie ailleurs â€¦ En voir plus",https://www.facebook.com/stories/1226040110828759/UzpfSVNDOjY1MzQwMTkwNzU1NzExNQ==/?view_single=false&__cft__[0]=AZXhLPWDBkdaLDiWPaoj991LwNbGOEsTviQLpQrcoLSb7qQWJoQdD3PPTzj2APSVECrjDoPEhsAZMh7D599p1MUr2VRgrNW8BDKh5V2fwHhjXgaTGVFoitVS2rpVH90uEmw77vblbgk8dFczBUHpiZogX2aWkqYgPfEmjNZAHaEk3w&__tn__=%3C%3C%2CP-R,"Je parle aujourdâ€™hui car le phÃ©nomÃ¨ne des violences dans les milieux militants est frÃ©quent Lâ€™une des techniques utilisÃ©es par ces agresseureuses est de crÃ©er la division entre les militantâ€¢es, de jeter le doute, de dire dâ€™une personne Â« celle-lÃ  je ne la sens pas Â» et/ou dâ€™utiliser son moindre faux-pas pour la discrÃ©diter sous couvert de puretÃ© militante Lorsquâ€™iels sont dÃ©couvertes, iels rebondissent dans un autre milieu et recommencent la mÃªme stratÃ©gie ailleurs ",0.02560359239578247,0.0001453550939913839,0.0010489802807569504,0.00033304785029031336,0.000813122489489615,0.0004813697305507958,680118c31641d8ff88128865
,"Sordnpeostci0,uh25Â u09a83uhu:4tuclrlvi53ft01191Â 8tfu2f385i63",#parasite #harcelement #jamaistutarrete #maislachemoiputain #screenshot,https://www.facebook.com/lilougolddigga?__cft__[0]=AZXs6NnB1575A_cNeD998iISAATwGUxmYlVvrBHj5folhVs9MyYB1u5TkHR22NRFQnsv7GfiX8Wy2C2jlbaF7Qimwc0_6i52JwbMsK2WCMm0H_UoxRGwvOB-XI2wPXREan3WKHLpLLRGLyXknUamCX7AEW63yUMKynO4x_J8W-WKug&__tn__=%3C%3C%2CP-R,#parasite #harcelement #jamaistutarrete #maislachemoiputain #screenshot,0.013524442911148071,0.00011017799261026084,0.0005736852763220668,0.0002108146873069927,0.0005117632681503892,0.00028334904345683753,680118c31641d8ff88128866
,"noestdSrop9l8g1uf,1a0:amÂ rfh7Â 51720645l1i40vm83lhfaf7646t96a","Amour interdit? Trouple canin? HarcÃ¨lement de rue ? Le consentement doit Ãªtre respectÃ© par tous. Si vous aussi vous avez une chienne facile, qui harcÃ¨le les autres et sâ€¦ En voir plus",https://www.facebook.com/stories/122096324234840415/UzpfSVNDOjE3Mzk2MTQwMzAyODEzOTE=/?view_single=false&__cft__[0]=AZVJk2SGCmAfsuJqH1iS59_N68qf079qs3rfc_LBNWcNX29ITJWTX6mqC1N4JffZ0a8A_dJStQIYABcfglw1e25AEGBu9rNp1ykzXfEj5e8ek5BmxxM0ipMuiaNmINBSeAQghI8rqMIgb-9MihiCkhBMUUl95iDMtHjFSVM01TsWLpr69xzfjB7oyTDv_9g1qRuhzjz4ec0lhkatfwYH1sIm&__tn__=%3C%3C%2CP-R,"Amour interdit? Trouple canin? HarcÃ¨lement de rue ? Le consentement doit Ãªtre respectÃ© par tous. Si vous aussi vous avez une chienne facile, qui harcÃ¨le les autres et s",0.10761937499046326,0.0002576674160081893,0.0059041352942585945,0.0004454383160918951,0.0032313463743776083,0.0008682043408043683,680118c31641d8ff88128867
,"dnretSsoopm83274f21,fl77ch0m:6Â tÂ 7r66g77a011u91c4a3h7s7aggml",RÃ©capâ€™ jour de tournage #2 :Encore une journÃ©e de tournage qui sâ€™est achevÃ© mercredi 26 mars 2025 dans le cadre de notre court mÃ©trage Â«Â Entre ombre et lumiÃ¨reÂ Â» au lyâ€¦ En voir plus,https://www.facebook.com/profile.php?id=61554106525631&__cft__[0]=AZU18SntKnl-RVQ2_931kwxdQ3gW7ZzP_wmsmgPbl-0FYqIQz4ipjY4-LkpEa71zVh-UqJkoFkR6aSG1vZIglOMlbUEtqM8QPmyBDDOUVh07UfzRx_WkmmnT3zNf7PfIEnY9R4otQPQxpBTwyqoamw35xzpOK3LUrXOO2YvELg0bAlAbArAeqnPNg9kQd5BxhvfvcxajALCtLrHcjKGwEaez&__tn__=%3C%3C%2CP-R,RÃ©capâ€™ jour de tournage #2 :Encore une journÃ©e de tournage qui sâ€™est achevÃ© mercredi 26 mars 2025 dans le cadre de notre court mÃ©trage Â« Entre ombre et lumiÃ¨re Â» au ly,0.0013273211661726236,9.588346438249573e-05,0.0002007574657909572,0.00010925324750132859,0.00020181613217573613,0.00014633832324761897,680118c41641d8ff88128868
,"tspnodeSro5a1mh,0c67u0i9Â 1611g7imi65urÂ h9l156u805113v:l9u47f","#paris Aujourdâ€™hui se tenait une audience publique et collÃ©giale au Tribunal judiciaire de Paris. Khadija dite ""Khadija la combattante"" et son avocate maÃ®tre Pauline Râ€¦ En voir plus",https://www.facebook.com/profile.php?id=100087979941473&__cft__[0]=AZWqHZaVQ0dsXtcloch7GPRK2RBYCtZ9D1oa6nC-hxzEAaBrZnFTpqvy6gKNoqSJDKF982f8YB4aI1QEQkNFDULTNLShPvrMXxbiQ3r4R_ZUv-uTqEi5HTafybSnCcwbIAeJv_uo4NWo1ltKFMs2kiabJKx9FxpqhVl6F-mRb1dg3CuJlJQoJL8Wzz3HptgUcqlnt92OggGP5-szkC2SA93A&__tn__=%3C%3C%2CP-R,"#paris Aujourdâ€™hui se tenait une audience publique et collÃ©giale au Tribunal judiciaire de Paris. Khadija dite ""Khadija la combattante"" et son avocate maÃ®tre Pauline R",0.0013209839817136526,0.00010210114123765379,0.00020263307669665664,0.0001108974902308546,0.00020382128423079848,0.0001651684142416343,680118c41641d8ff88128869
,"sonpdSterov1ttl86hf25,7t43Â :hl495a1lÂ 8hi2lmihgh7h01062acrh41", Stage Ã  lâ€™USSE (@Union Sportive de Saint-Evarzec)â€¦ En voir plus,https://www.facebook.com/stories/101589849364344/UzpfSVNDOjEwMTgxMjcyNzMwMzU0MDc=/?view_single=false&__cft__[0]=AZXywZoDNKf-LA-pkSMmiwUpNki2INY12bXTNGrUvdpro50kiPVjQv4v755qghEx6fsc-otwIwOQcJ-ckm0cTFmFngZph3Yb8a27bY2InT41JeRNvnAezAOtsLgMtIS8iRL0lzTL-Db9ifQuNhDKtNZnak1nJlGrEuARSIf3VI3IdK6aFcSxrL8_2pJv0vbf_O0&__tn__=%3C%3C%2CP-R,Stage Ã  lâ€™USSE (@Union Sportive de Saint-Evarzec),0.0007324444013647735,0.00011132150393677875,0.0001774010743247345,0.00011241447646170855,0.0001809757959563285,0.00013898927136324346,680118c41641d8ff8812886a
